{
	"info": {
		"_postman_id": "faf6363e-0295-4766-aca1-8b0fe25cb4fa",
		"name": "users",
		"schema": "https://schema.getpostman.com/json/collection/v2.0.0/collection.json",
		"_exporter_id": "26921608"
	},
	"item": [
		{
			"name": "create",
			"request": {
				"method": "POST",
				"header": [],
				"body": {
					"mode": "raw",
					"raw": "{\n    \"name\": \"Clementina DuBuque\",\n    \"username\": \"Moriah.Stanton\",\n    \"email\": \"Rey.Padberg@karina.biz\",\n    \"address\": {\n        \"street\": \"Kattie Turnpike\",\n        \"suite\": \"Suite 198\",\n        \"city\": \"Lebsackbury\",\n        \"zipcode\": \"31428-2261\",\n        \"geo\": {\n            \"lat\": \"-38.2386\",\n            \"lng\": \"57.2232\"\n        }\n    },\n    \"phone\": \"1-924-648-3804\",\n    \"website\": \"http://ambrose.net\",\n    \"company\": {\n        \"name\": \"Hoeger LLC\",\n        \"catchPhrase\": \"Centralized empowering task-force\",\n        \"bs\": \"target end-to-end models\"\n    }\n}",
					"options": {
						"raw": {
							"language": "json"
						}
					}
				},
				"url": "{{URL}}/users"
			},
			"response": []
		}
	]
}